hyper_volume,gd,igd,spacing,cardinality
13.740091284686436,0.5746201529327966,1.1052226409226424,,1.0
14.619066264656004,0.5923353145515917,0.9606487004177454,0.0,2.0
