hyper_volume,gd,igd,spacing,cardinality
2.579664530760498,0.4432105933033449,0.6778104159902387,0.8463979842784868,3
3.3413442471619796,0.25288489661892943,0.5595763443915165,0.0,2
