P,v,t,h,Density,Neg_Roughness,Neg_Time
125.39175152778625,356.19797706604004,0.09020183086395263,0.19204592108726504,0.9540605497883582,-6.514900872964256,-70.94732684366326
61.64885759353638,928.2155513763428,0.11576062679290772,0.3121320307254791,0.8353115613775284,-6.7257489123401655,-45.10305417017413
115.81305861473083,593.0416107177734,0.12565216541290283,0.1434229612350464,0.960374870133187,-6.389906377149296,-95.09480331631035
103.14818620681763,326.9839286804199,0.11616703987121582,0.19834265708923343,0.9581132857132011,-6.531852882113958,-69.39637638949203
